NMiter,kp,ki,kd,Ts,M,SSe,feas,feasResidual,Time(s),gradnorm,funCalls
0,0.5,0.5,0.5,22.327610901077772,0.016367306774645905,0.15499851923308938,False,0.15399851923308938,0.6045293807983398,2.751550753479538,0
1,0.5,0.525,0.5,22.25715963064694,0.015490088267618874,0.14232830843047162,False,0.14132830843047162,7.029778957366943,2.8899579772684403,5
2,0.4750000000000001,0.5416666666666665,0.46666666666666656,22.207408287397584,0.01491476592445824,0.13404279921378115,False,0.13304279921378115,11.654868125915527,3.0005615977355578,7
3,0.4500000000000002,0.583333333333333,0.48333333333333317,22.076904721006528,0.013572135923433657,0.11594289109156275,False,0.11494289109156275,16.533071517944336,3.2614482451153672,9
4,0.4500000000000002,0.583333333333333,0.48333333333333317,22.076904721006528,0.013572135923433657,0.11594289109156275,False,0.11494289109156275,20.90453863143921,3.2614482451153672,10
5,0.40000000000000036,0.6583333333333325,0.39999999999999947,21.808800892300187,0.011379096135872275,0.0892619360475192,False,0.0882619360475192,25.720750331878662,3.763486719064429,12
6,0.37500000000000044,0.7416666666666654,0.39999999999999947,21.46869916942369,0.009337562436346439,0.06723187524901109,False,0.06623187524901109,30.610094785690308,4.3266290686132916,14
7,0.37500000000000044,0.7416666666666654,0.39999999999999947,21.46869916942369,0.009337562436346439,0.06723187524901109,False,0.06623187524901109,35.12229323387146,4.3266290686132916,15
8,0.21666666666666767,0.9722222222222197,0.2388888888888876,20.23179641798197,0.005221903605181743,0.030396421704746213,False,0.029396421704746212,39.87833881378174,5.934028466288254,17
9,0.13333333333333441,1.1361111111111075,0.24444444444444313,19.14196830157216,0.00342017986293957,0.01754885485086566,False,0.016548854850865657,45.14662051200867,6.747836909252187,19
10,0.041666666666668295,1.3722222222222173,0.07222222222222041,17.43925392648966,0.0018740353257420143,0.008303776993961787,False,0.007303776993961787,50.20493817329407,7.05106164390463,21
11,-0.3583333333333305,1.9972222222222138,-0.2444444444444478,13.194331974127326,0.000372253551687897,0.0012307373306262859,False,0.00023073733062628585,54.959174394607544,5.013471784240813,23
12,-0.6166666666666631,2.5611111111110993,-0.40555555555555944,12.074895700803403,0.0003036145213341196,0.00031157479477328387,True,0.0,59.80252742767334,2.357421658528781,25
13,-0.6166666666666631,2.5611111111110993,-0.40555555555555944,12.074895700803403,0.0003036145213341196,0.00031157479477328387,True,0.0,64.92486906051636,2.357421658528781,27
14,-0.6166666666666631,2.5611111111110993,-0.40555555555555944,12.074895700803403,0.0003036145213341196,0.00031157479477328387,True,0.0,69.87089228630066,2.357421658528781,29
15,-0.6166666666666631,2.5611111111110993,-0.40555555555555944,12.074895700803403,0.0003036145213341196,0.00031157479477328387,True,0.0,74.76730465888977,2.357421658528781,31
16,-0.6166666666666631,2.5611111111110993,-0.40555555555555944,12.074895700803403,0.0003036145213341196,0.00031157479477328387,True,0.0,79.57600402832031,2.357421658528781,33
17,-0.6907407407407371,2.705401234567889,-0.4200617283950657,12.06457210447179,0.029129384023555936,0.00032155144561107907,True,0.0,84.3018045425415,30.668875620386217,35
18,-0.6907407407407371,2.705401234567889,-0.4200617283950657,12.06457210447179,0.029129384023555936,0.00032155144561107907,True,0.0,89.39719343185425,30.668875620386217,37
19,-0.6602366255143997,2.695533264746215,-0.41370027434842643,12.026394403314788,0.013640736003811417,0.00028548746765377775,True,0.0,94.11307001113892,28.19038471776748,39
20,-0.6297582304526714,2.612444272976669,-0.33980624142661564,11.943437892846173,0.0001869246843826646,0.00026320543680735664,True,0.0,98.97453045845032,3.8807423458226213,41
21,-0.6297582304526714,2.612444272976669,-0.33980624142661564,11.943437892846173,0.0001869246843826646,0.00026320543680735664,True,0.0,104.4245834350586,3.8807423458226213,43
22,-0.49469307270232843,2.399604195244617,-0.26755544124371644,11.658173200081807,0.0001481211036705391,0.0004246636252359659,True,0.0,109.12439036369324,8.53924789530723,45
23,-0.49469307270232843,2.399604195244617,-0.26755544124371644,11.658173200081807,0.0001481211036705391,0.0004246636252359659,True,0.0,113.38207650184631,8.53924789530723,46
24,-0.48357719859777126,2.3816821622720026,-0.20228369659097045,11.52947960039481,0.0001512240350174369,0.00043896351982841697,True,0.0,118.00258445739746,6.6258888929512665,48
25,-0.5579548341208115,2.488789606936601,-0.28609671628647765,10.393355647717463,0.00012159784820128981,0.00033540857002190005,True,0.0,122.60975933074951,21.15284570866299,50
26,-0.5758570212874017,2.6418390341072557,-0.3012909829125002,10.120251360520008,9.175534316574115e-05,0.0002423482879488903,True,0.0,127.24212741851807,23.911659217195748,52
27,-0.5758570212874017,2.6418390341072557,-0.3012909829125002,10.120251360520008,9.175534316574115e-05,0.0002423482879488903,True,0.0,131.71604418754578,23.911659217195748,53
28,-0.5758570212874017,2.6418390341072557,-0.3012909829125002,10.120251360520008,9.175534316574115e-05,0.0002423482879488903,True,0.0,136.7349443435669,23.911659217195748,55
29,-0.5758570212874017,2.6418390341072557,-0.3012909829125002,10.120251360520008,9.175534316574115e-05,0.0002423482879488903,True,0.0,141.56537628173828,23.911659217195748,57
30,-0.593752487341018,2.803091279770464,-0.25013059422401007,9.947792320655418,6.339913795550074e-05,0.0001687981942429806,True,0.0,146.2004578113556,1.2063549861410479,59
31,-0.6185450325153647,2.8387937613253307,-0.27806826745584584,9.901781770427961,9.938270423972343e-05,0.0001618563948191376,True,0.0,150.8862693309784,24.78791436878979,61
32,-0.6085367307941951,2.9138797098360776,-0.2941010737786549,9.822866096907859,0.00010728829816924587,0.00014205599031624772,True,0.0,156.06531596183777,25.43139949455287,63
33,-0.6691202080757748,3.27208668271736,-0.21971796963351042,9.555463250320065,0.003679735763179957,5.727825941426179e-05,True,0.0,161.12738633155823,25.925453808133746,65
34,-0.6691202080757748,3.27208668271736,-0.21971796963351042,9.555463250320065,0.003679735763179957,5.727825941426179e-05,True,0.0,166.06872749328613,25.925453808133746,67
35,-0.6691202080757748,3.27208668271736,-0.21971796963351042,9.555463250320065,0.003679735763179957,5.727825941426179e-05,True,0.0,170.5806028842926,25.925453808133746,68
36,-0.6667499628630208,3.3665044107322877,-0.24272758349294926,9.489570440164622,0.01356096679946504,3.617012443224432e-05,True,0.0,175.72178387641907,27.487645912794743,70
37,-0.7606295731270638,4.033130395620027,-0.11008551078141882,9.11922629786728,0.05530345894802531,9.816018651243041e-07,True,0.0,181.19163179397583,27.58003670198522,72
38,-0.7606295731270638,4.033130395620027,-0.11008551078141882,9.11922629786728,0.05530345894802531,9.816018651243041e-07,True,0.0,186.8376762866974,27.58003670198522,74
39,-0.7606295731270638,4.033130395620027,-0.11008551078141882,9.11922629786728,0.05530345894802531,9.816018651243041e-07,True,0.0,192.44808840751648,27.58003670198522,76
40,-0.7606295731270638,4.033130395620027,-0.11008551078141882,9.11922629786728,0.05530345894802531,9.816018651243041e-07,True,0.0,197.56909775733948,27.58003670198522,77
41,-0.7884354853470934,4.169578172479486,-0.06888425446430241,9.054842911747619,0.06099631388756016,1.089771439477527e-05,True,0.0,203.10477590560913,27.433102478850913,79
42,-0.7884354853470934,4.169578172479486,-0.06888425446430241,9.054842911747619,0.06099631388756016,1.089771439477527e-05,True,0.0,208.7706859111786,27.433102478850913,81
43,-0.8041152792555604,4.320022511823361,-0.04189417389585032,8.98048377364109,0.06783982466799922,2.4586074878207853e-05,True,0.0,214.73851227760315,27.325855313298838,83
44,-0.8041152792555604,4.320022511823361,-0.04189417389585032,8.98048377364109,0.06783982466799922,2.4586074878207853e-05,True,0.0,219.8904983997345,27.325855313298838,85
45,-0.8041152792555604,4.320022511823361,-0.04189417389585032,8.98048377364109,0.06783982466799922,2.4586074878207853e-05,True,0.0,224.99644660949707,27.325855313298838,87
46,-0.845422795128393,4.521926129580475,0.026917383623893842,8.888963035049136,0.07349096967557568,3.180030517702104e-05,True,0.0,230.16125321388245,26.693812381691476,89
47,-0.8897112061713133,4.814354340847952,0.08108937442132325,8.768296698291302,0.0963988251806438,3.543526262761443e-05,True,0.0,235.15977954864502,27.005887269103923,91
48,-0.9043973683564179,4.934623815688372,0.11295931056388026,8.713714618898305,0.10033614514588708,2.5798030562129703e-05,False,0.0003361451458870762,240.26686120033264,26.731469036868372,93
49,-0.9043973683564179,4.934623815688372,0.11295931056388026,8.713714618898305,0.10033614514588708,2.5798030562129703e-05,False,0.0003361451458870762,244.42893171310425,26.731469036868372,94
50,-0.9043973683564179,4.934623815688372,0.11295931056388026,8.713714618898305,0.10033614514588708,2.5798030562129703e-05,False,0.0003361451458870762,249.32159948349,26.731469036868372,96
51,-0.9043973683564179,4.934623815688372,0.11295931056388026,8.713714618898305,0.10033614514588708,2.5798030562129703e-05,False,0.0003361451458870762,254.19099497795105,26.731469036868372,98
52,-0.9266002322693545,5.032820614093222,0.14403434710311705,8.676571663831506,0.10530793349108965,1.8673206128694275e-05,False,0.005307933491089642,259.020144701004,26.64246864337345,100
53,-0.9503511058259746,5.2049402393451825,0.19735764755210394,8.599594384359882,0.10854546503348451,3.839650733250544e-06,False,0.008545465033484509,263.8671133518219,25.919822056414116,102
54,-0.9503511058259746,5.2049402393451825,0.19735764755210394,8.599594384359882,0.10854546503348451,3.839650733250544e-06,False,0.008545465033484509,268.9513795375824,25.919822056414116,104
55,-0.9503511058259746,5.2049402393451825,0.19735764755210394,8.599594384359882,0.10854546503348451,3.839650733250544e-06,False,0.008545465033484509,273.2343316078186,25.919822056414116,105
56,-0.9656309591833541,5.2995708041252065,0.23558528405279272,8.55474066477067,0.10778472559725343,-1.5639780031051487e-06,False,0.00778472559725342,278.32713627815247,25.060110735799903,107
57,-0.9656309591833541,5.2995708041252065,0.23558528405279272,8.55474066477067,0.10778472559725343,-1.5639780031051487e-06,False,0.00778472559725342,283.0624945163727,25.060110735799903,109
58,-0.9656309591833541,5.2995708041252065,0.23558528405279272,8.55474066477067,0.10778472559725343,-1.5639780031051487e-06,False,0.00778472559725342,287.4945001602173,25.060110735799903,110
59,-0.9451476983582858,5.1910502752861625,0.21165232068771056,8.592208855004646,0.10030602380435726,5.17538088717906e-06,False,0.00030602380435724996,292.37961769104004,18.890326257650933,112
60,-0.9858203404024402,5.497756587226718,0.3114037184233258,8.447956397463415,0.10364361275217057,-6.4533039829672845e-06,False,0.0036436127521705663,297.3730239868164,1.5293084774584464,114
61,-0.9858203404024402,5.497756587226718,0.3114037184233258,8.447956397463415,0.10364361275217057,-6.4533039829672845e-06,False,0.0036436127521705663,301.70296931266785,1.5293084774584464,115
62,-0.9856122575185502,5.545298562848529,0.35573609406097895,8.388203905158639,0.09214331011660482,-3.868428704256743e-06,True,0.0,306.3966898918152,2.0272334423986815,117
63,-1.0670433383289515,6.1165879080889844,0.5476857941644118,8.068516676014596,0.09773721964530789,-2.1185724297101416e-06,True,0.0,311.0650317668915,23.848171162401474,119
64,-1.0670433383289515,6.1165879080889844,0.5476857941644118,8.068516676014596,0.09773721964530789,-2.1185724297101416e-06,True,0.0,315.4715874195099,23.848171162401474,120
65,-1.1207594020847167,6.650502026674168,0.7866475660890218,6.279145806426439,0.07905688503705352,3.4140116944580967e-07,True,0.0,320.25023913383484,0.5996011553006125,122
66,-1.2563227124186636,7.660621539256184,1.1288942868417584,5.974168585597512,0.08463620139380085,1.3983498758918245e-07,True,0.0,325.01321244239807,0.9221036044076775,124
67,-1.2563227124186636,7.660621539256184,1.1288942868417584,5.974168585597512,0.08463620139380085,1.3983498758918245e-07,True,0.0,329.44524025917053,0.9221036044076775,125
68,-1.4993345860249363,9.712293335575183,1.9562889146218025,4.084522200950896,0.062202199195611575,8.427368136665336e-09,True,0.0,334.1048619747162,0.20958601013708783,127
69,-1.4993345860249363,9.712293335575183,1.9562889146218025,4.084522200950896,0.062202199195611575,8.427368136665336e-09,True,0.0,338.61947536468506,0.20958601013708783,128
70,-1.4993345860249363,9.712293335575183,1.9562889146218025,4.084522200950896,0.062202199195611575,8.427368136665336e-09,True,0.0,343.3901262283325,0.20958601013708783,130
71,-1.4993345860249363,9.712293335575183,1.9562889146218025,4.084522200950896,0.062202199195611575,8.427368136665336e-09,True,0.0,348.4682333469391,0.20958601013708783,132
72,-1.4993345860249363,9.712293335575183,1.9562889146218025,4.084522200950896,0.062202199195611575,8.427368136665336e-09,True,0.0,353.24709844589233,0.20958601013708783,134
73,-1.4993345860249363,9.712293335575183,1.9562889146218025,4.084522200950896,0.062202199195611575,8.427368136665336e-09,True,0.0,358.0896837711334,0.20958601013708783,136
74,-1.4993345860249363,9.712293335575183,1.9562889146218025,4.084522200950896,0.062202199195611575,8.427368136665336e-09,True,0.0,363.0107409954071,0.20958601013708783,138
75,-1.4993345860249363,9.712293335575183,1.9562889146218025,4.084522200950896,0.062202199195611575,8.427368136665336e-09,True,0.0,367.35356736183167,0.20958601013708783,139
76,-1.4993345860249363,9.712293335575183,1.9562889146218025,4.084522200950896,0.062202199195611575,8.427368136665336e-09,True,0.0,371.6398096084595,0.20958601013708783,140
77,-1.4993345860249363,9.712293335575183,1.9562889146218025,4.084522200950896,0.062202199195611575,8.427368136665336e-09,True,0.0,376.5525424480438,0.20958601013708783,142
78,-1.4993345860249363,9.712293335575183,1.9562889146218025,4.084522200950896,0.062202199195611575,8.427368136665336e-09,True,0.0,381.3790452480316,0.20958601013708783,144
79,-1.5347173500272109,9.966145451488963,2.041130736424531,4.048651359738602,0.06390033142317973,6.779615424612473e-09,True,0.0,386.62759041786194,0.19650767409084327,146
80,-1.5347173500272109,9.966145451488963,2.041130736424531,4.048651359738602,0.06390033142317973,6.779615424612473e-09,True,0.0,391.6213858127594,0.19650767409084327,148
81,-1.5347173500272109,9.966145451488963,2.041130736424531,4.048651359738602,0.06390033142317973,6.779615424612473e-09,True,0.0,396.6436176300049,0.19650767409084327,150
82,-1.5347173500272109,9.966145451488963,2.041130736424531,4.048651359738602,0.06390033142317973,6.779615424612473e-09,True,0.0,401.57950830459595,0.19650767409084327,152
83,-1.5347173500272109,9.966145451488963,2.041130736424531,4.048651359738602,0.06390033142317973,6.779615424612473e-09,True,0.0,406.4705865383148,0.19650767409084327,154
84,-1.5347173500272109,9.966145451488963,2.041130736424531,4.048651359738602,0.06390033142317973,6.779615424612473e-09,True,0.0,411.0939347743988,0.19650767409084327,155
85,-1.5347173500272109,9.966145451488963,2.041130736424531,4.048651359738602,0.06390033142317973,6.779615424612473e-09,True,0.0,415.9169819355011,0.19650767409084327,157
86,-1.5355655369288663,9.963361870783121,2.0358942165270637,4.048623287098817,0.0647853066072553,6.8271317488211025e-09,True,0.0,420.71498799324036,0.19695622769083562,159
87,-1.5387167905566828,10.000980301293602,2.0544960968945554,4.043951736533,0.06371172627219013,6.568067645318365e-09,True,0.0009803012936018263,425.43813037872314,0.19468763351113885,161
88,-1.5387167905566828,10.000980301293602,2.0544960968945554,4.043951736533,0.06371172627219013,6.568067645318365e-09,True,0.0009803012936018263,430.1171226501465,0.19468763351113885,163
89,-1.5387167905566828,10.000980301293602,2.0544960968945554,4.043951736533,0.06371172627219013,6.568067645318365e-09,True,0.0009803012936018263,435.64649629592896,0.19468763351113885,165
90,-1.538560170114489,9.993698814846638,2.050027424558856,4.044775512864703,0.06413032368003449,6.623282589046653e-09,True,0.0,440.6585018634796,0.1951929656767714,167
91,-1.538560170114489,9.993698814846638,2.050027424558856,4.044775512864703,0.06413032368003449,6.623282589046653e-09,True,0.0,445.7184681892395,0.1951929656767714,169
92,-1.538560170114489,9.993698814846638,2.050027424558856,4.044775512864703,0.06413032368003449,6.623282589046653e-09,True,0.0,450.78134870529175,0.1951929656767714,171
93,-1.538560170114489,9.993698814846638,2.050027424558856,4.044775512864703,0.06413032368003449,6.623282589046653e-09,True,0.0,455.9368278980255,0.1951929656767714,173
94,-1.538560170114489,9.993698814846638,2.050027424558856,4.044775512864703,0.06413032368003449,6.623282589046653e-09,True,0.0,461.12312841415405,0.1951929656767714,175
95,-1.538560170114489,9.993698814846638,2.050027424558856,4.044775512864703,0.06413032368003449,6.623282589046653e-09,True,0.0,466.1587677001953,0.1951929656767714,177
96,-1.538560170114489,9.993698814846638,2.050027424558856,4.044775512864703,0.06413032368003449,6.623282589046653e-09,True,0.0,471.1114547252655,0.1951929656767714,179
97,-1.5387408221225631,9.99799060299861,2.0524214520688195,4.044267536137526,0.06393629205811387,6.592340340283442e-09,True,0.0,476.09796929359436,0.19491306622707033,181
98,-1.5387408221225631,9.99799060299861,2.0524214520688195,4.044267536137526,0.06393629205811387,6.592340340283442e-09,True,0.0,481.0807776451111,0.19491306622707033,183
99,-1.5387408221225631,9.99799060299861,2.0524214520688195,4.044267536137526,0.06393629205811387,6.592340340283442e-09,True,0.0,486.3853831291199,0.19491306622707033,185
100,-1.539015502991945,9.999609266763319,2.0529282845236407,4.044038743995662,0.06395988024929385,6.583325329323486e-09,True,0.0,491.60542249679565,0.19483816690072936,187
101,-1.539015502991945,9.999609266763319,2.0529282845236407,4.044038743995662,0.06395988024929385,6.583325329323486e-09,True,0.0,496.76708817481995,0.19483816690072936,189
102,-1.539015502991945,9.999609266763319,2.0529282845236407,4.044038743995662,0.06395988024929385,6.583325329323486e-09,True,0.0,502.2714297771454,0.19483816690072936,191
103,-1.539015502991945,9.999609266763319,2.0529282845236407,4.044038743995662,0.06395988024929385,6.583325329323486e-09,True,0.0,506.94562315940857,0.19483816690072936,192
104,-1.5391180829576263,10.000207900885702,2.0530652595600145,4.043949383082777,0.06397707727144059,6.580378797416131e-09,True,0.00020790088570166176,512.2146034240723,0.1948141057428648,194
105,-1.5391180829576263,10.000207900885702,2.0530652595600145,4.043949383082777,0.06397707727144059,6.580378797416131e-09,True,0.00020790088570166176,517.1930205821991,0.1948141057428648,196
106,-1.5391180829576263,10.000207900885702,2.0530652595600145,4.043949383082777,0.06397707727144059,6.580378797416131e-09,True,0.00020790088570166176,522.1964461803436,0.1948141057428648,198
107,-1.539026174934056,10.000090144663886,2.053207172047503,4.043982825832069,0.06393498290607413,6.5798100301606155e-09,True,9.014466388634901e-05,527.4379196166992,0.19480601279792287,200
108,-1.539256686006986,10.000184789087726,2.0527677453548137,4.043925362887387,0.06404620822880455,6.582450029490872e-09,True,0.00018478908772578961,532.1696071624756,0.19483740257565577,202
109,-1.539256686006986,10.000184789087726,2.0527677453548137,4.043925362887387,0.06404620822880455,6.582450029490872e-09,True,0.00018478908772578961,537.3268113136292,0.19483740257565577,204
110,-1.539256686006986,10.000184789087726,2.0527677453548137,4.043925362887387,0.06404620822880455,6.582450029490872e-09,True,0.00018478908772578961,542.3297953605652,0.19483740257565577,206
111,-1.539256686006986,10.000184789087726,2.0527677453548137,4.043925362887387,0.06404620822880455,6.582450029490872e-09,True,0.00018478908772578961,546.720043182373,0.19483740257565577,207
112,-1.5394483466796984,10.000018263625584,2.052258278920492,4.043905873143691,0.06415256191781178,6.586453271673065e-09,True,1.8263625584324927e-05,551.9082570075989,0.19488003310790944,209
113,-1.539636708059549,10.000147740528476,2.0519545558215118,4.043855160941106,0.06423648610038125,6.588054768386087e-09,True,0.0001477405284759925,556.803619146347,0.19490032599368098,211
114,-1.539636708059549,10.000147740528476,2.0519545558215118,4.043855160941106,0.06423648610038125,6.588054768386087e-09,True,0.0001477405284759925,560.9081296920776,0.19490032599368098,212
115,-1.5403262777379267,10.000039549624319,2.0504183018077295,4.043728715424063,0.06459044497407498,6.598887547504262e-09,True,3.954962431862441e-05,565.6372210979462,0.19501946059913114,214
116,-1.5403262777379267,10.000039549624319,2.0504183018077295,4.043728715424063,0.06459044497407498,6.598887547504262e-09,True,3.954962431862441e-05,569.8020031452179,0.19501946059913114,215
117,-1.5408171696325583,9.999969721768124,2.0493752067611055,4.043641978427851,0.06483477837766224,6.606250657625878e-09,True,0.0,574.5719630718231,0.19509988500396153,217
118,-1.542233405111773,9.999982469242248,2.0463686616083834,4.043354257933276,0.06554935841081341,6.627167703499026e-09,True,0.0,579.1998550891876,0.1953251795463119,219
119,-1.542233405111773,9.999982469242248,2.0463686616083834,4.043354257933276,0.06554935841081341,6.627167703499026e-09,True,0.0,583.5939548015594,0.1953251795463119,220
120,-1.5442858803962638,9.999598906611439,2.0418644468562714,4.04298922687665,0.06659622384866336,6.660615281539606e-09,True,0.0,588.2274475097656,0.19566905099128507,222
121,-1.546772807370706,9.999367747167149,2.0364398770446854,4.042505333371689,0.0678737788041603,6.701722288227074e-09,True,0.0,593.1644577980042,0.19607010369031527,224
122,-1.549516370623171,9.999497493321421,2.030758621304857,4.041929827588685,0.0692557226111066,6.745550895637109e-09,True,0.0,597.776707649231,0.19647428971955144,226
123,-1.5561082481665949,9.998499208615513,2.016325621989047,4.040670423969869,0.07268391785852683,6.87154566580972e-09,True,0.0,602.5477693080902,0.19749284599856437,228
124,-1.5638256653679443,9.998166635881205,1.9997952266260466,4.03905067258414,0.07672409256343625,7.037617932859064e-09,True,0.0,607.2509920597076,0.1985693490441819,230
125,-1.575904669416298,9.997427843483841,1.9739997158305798,4.036485704152341,0.08314558172095582,7.3713813941722606e-09,True,0.0,611.8971257209778,0.200094877787332,232
126,-1.5968058417044952,9.995098701337717,1.9286033218359595,4.0319617061708435,0.09470828303523258,8.337750156961476e-09,True,0.0,616.5668630599976,0.20231361302866674,234
127,-1.60158253615923,9.995296245186328,1.91860655420601,4.03081983968578,0.09737715272619327,8.6558117340374e-09,True,0.0,621.3902151584625,6.414247896894293,236
128,-1.60158253615923,9.995296245186328,1.91860655420601,4.03081983968578,0.09737715272619327,8.6558117340374e-09,True,0.0,626.5411531925201,6.414247896894293,238
129,-1.60810647620217,9.994204642826798,1.9042063428363654,4.029393303577669,0.10114494886472775,9.204007112018076e-09,False,0.0011449488647277406,632.2705283164978,6.878344072227336,240
130,-1.60810647620217,9.994204642826798,1.9042063428363654,4.029393303577669,0.10114494886472775,9.204007112018076e-09,False,0.0011449488647277406,637.3484816551208,6.878344072227336,242
131,-1.60810647620217,9.994204642826798,1.9042063428363654,4.029393303577669,0.10114494886472775,9.204007112018076e-09,False,0.0011449488647277406,643.1083467006683,6.878344072227336,244
132,-1.60810647620217,9.994204642826798,1.9042063428363654,4.029393303577669,0.10114494886472775,9.204007112018076e-09,False,0.0011449488647277406,647.6452720165253,6.878344072227336,245
133,-1.60810647620217,9.994204642826798,1.9042063428363654,4.029393303577669,0.10114494886472775,9.204007112018076e-09,False,0.0011449488647277406,652.4007918834686,6.878344072227336,247
134,-1.6036984895297561,9.99472982646122,1.9138287101053406,4.030382538972,0.098605181041864,8.823486497000488e-09,True,0.0,657.1952736377716,6.638148298431528,249
135,-1.6063808023417572,9.994531643992744,1.908056245296133,4.029770358198333,0.10013779657020551,9.045676430119443e-09,False,0.0001377965702055034,662.0343327522278,6.794500872559239,251
136,-1.6063808023417572,9.994531643992744,1.908056245296133,4.029770358198333,0.10013779657020551,9.045676430119443e-09,False,0.0001377965702055034,667.0581583976746,6.794500872559239,253
137,-1.6063808023417572,9.994531643992744,1.908056245296133,4.029770358198333,0.10013779657020551,9.045676430119443e-09,False,0.0001377965702055034,671.9534749984741,6.794500872559239,255
138,-1.6063808023417572,9.994531643992744,1.908056245296133,4.029770358198333,0.10013779657020551,9.045676430119443e-09,False,0.0001377965702055034,676.1186890602112,6.794500872559239,256
139,-1.6063808023417572,9.994531643992744,1.908056245296133,4.029770358198333,0.10013779657020551,9.045676430119443e-09,False,0.0001377965702055034,680.9422273635864,6.794500872559239,258
140,-1.6063808023417572,9.994531643992744,1.908056245296133,4.029770358198333,0.10013779657020551,9.045676430119443e-09,False,0.0001377965702055034,685.7384061813354,6.794500872559239,260
141,-1.6063808023417572,9.994531643992744,1.908056245296133,4.029770358198333,0.10013779657020551,9.045676430119443e-09,False,0.0001377965702055034,691.370507478714,6.794500872559239,262
142,-1.6063808023417572,9.994531643992744,1.908056245296133,4.029770358198333,0.10013779657020551,9.045676430119443e-09,False,0.0001377965702055034,696.1169805526733,6.794500872559239,264
143,-1.6063808023417572,9.994531643992744,1.908056245296133,4.029770358198333,0.10013779657020551,9.045676430119443e-09,False,0.0001377965702055034,700.9269869327545,6.794500872559239,266
144,-1.606641897755103,9.99469088279045,1.9076029249201207,4.029692784989044,0.10027438864109026,9.065080464054631e-09,False,0.00027438864109025074,705.9440407752991,6.805884245794687,268
145,-1.606641897755103,9.99469088279045,1.9076029249201207,4.029692784989044,0.10027438864109026,9.065080464054631e-09,False,0.00027438864109025074,710.6570966243744,6.805884245794687,270
146,-1.606641897755103,9.99469088279045,1.9076029249201207,4.029692784989044,0.10027438864109026,9.065080464054631e-09,False,0.00027438864109025074,714.8138604164124,6.805884245794687,271
147,-1.6066272649092888,9.994834961190548,1.9077234566681955,4.029682076356323,0.10025522321690823,9.061082550942956e-09,False,0.00025522321690822636,719.5017523765564,6.803784526166238,273
148,-1.6066272649092888,9.994834961190548,1.9077234566681955,4.029682076356323,0.10025522321690823,9.061082550942956e-09,False,0.00025522321690822636,724.521457195282,6.803784526166238,275
149,-1.6068148557473734,9.995070631009575,1.9074867469730963,4.029615942752516,0.10034172502255406,9.072357198824932e-09,False,0.0003417250225540569,729.3483731746674,6.810481307256432,277
150,-1.6068148557473734,9.995070631009575,1.9074867469730963,4.029615942752516,0.10034172502255406,9.072357198824932e-09,False,0.0003417250225540569,733.5643012523651,6.810481307256432,278
151,-1.607111132002803,9.995584419922508,1.9071865613190226,4.029495930516385,0.1004704052188127,9.088031438508892e-09,False,0.00047040521881269726,738.4219484329224,6.819820436960501,280
152,-1.6066476389467708,9.99536882551606,1.9080323499243694,4.029626975325959,0.1002229169655466,9.05206620771537e-09,False,0.00022291696554659068,743.3329830169678,6.799308480506275,282
153,-1.6073190968783697,9.996353954067047,1.9072587448800977,4.02937470707592,0.10052460555661985,9.090323715987836e-09,False,0.0005246055566198449,748.1060383319855,6.822004228566549,284
154,-1.6074481563331968,9.997165937486464,1.9075041621772968,4.029265794362948,0.10053441747217785,9.085557750587725e-09,False,0.0005344174721778477,753.1606166362762,6.820351980551896,286
155,-1.6071926281527311,9.997719877224554,1.9084221343437182,4.02927556649864,0.10034107693332293,9.051742244636785e-09,False,0.00034107693332292854,758.1330995559692,6.80219156011644,288
156,-1.6071926281527311,9.997719877224554,1.9084221343437182,4.02927556649864,0.10034107693332293,9.051742244636785e-09,False,0.00034107693332292854,762.5487127304077,6.80219156011644,289
157,-1.607769614087423,9.999430602630955,1.9083083490292716,4.028975700584523,0.1005326846814235,9.067669060058847e-09,False,0.0005326846814234926,767.4115762710571,6.813252804033382,291
158,-1.6078548598020799,10.000128395974532,1.9085990563000563,4.028891119912966,0.10052172218539446,9.060518224579539e-09,False,0.000521722185394452,772.2456517219543,6.8101641348394,293
159,-1.6072191193987284,9.999394896884045,1.9094620154389914,4.029110712894916,0.10021995373633664,9.020516555935387e-09,False,0.0002199537363366394,776.9918224811554,6.786370597503737,295
160,-1.6072191193987284,9.999394896884045,1.9094620154389914,4.029110712894916,0.10021995373633664,9.020516555935387e-09,False,0.0002199537363366394,781.9201700687408,6.786370597503737,297
161,-1.6072191193987284,9.999394896884045,1.9094620154389914,4.029110712894916,0.10021995373633664,9.020516555935387e-09,False,0.0002199537363366394,786.1201343536377,6.786370597503737,298
162,-1.6072191193987284,9.999394896884045,1.9094620154389914,4.029110712894916,0.10021995373633664,9.020516555935387e-09,False,0.0002199537363366394,790.9437663555145,6.786370597503737,300
163,-1.6077086351515328,10.000185500872785,1.908940326952635,4.028919693392286,0.10043484402346106,9.046865701023421e-09,False,0.0004348440234610562,795.8391366004944,6.802588547595018,302
164,-1.6073798463420657,10.000231423770046,1.9096814780119615,4.02899485199974,0.10024111077813616,9.017190660820518e-09,False,0.00024111077813615545,800.538387298584,6.7855838063558895,304
165,-1.6073798463420657,10.000231423770046,1.9096814780119615,4.02899485199974,0.10024111077813616,9.017190660820518e-09,False,0.00024111077813615545,804.8537282943726,6.7855838063558895,305
166,-1.6073798463420657,10.000231423770046,1.9096814780119615,4.02899485199974,0.10024111077813616,9.017190660820518e-09,False,0.00024111077813615545,809.9053227901459,6.7855838063558895,307
167,-1.6073798463420657,10.000231423770046,1.9096814780119615,4.02899485199974,0.10024111077813616,9.017190660820518e-09,False,0.00024111077813615545,815.0924084186554,6.7855838063558895,309
168,-1.6073798463420657,10.000231423770046,1.9096814780119615,4.02899485199974,0.10024111077813616,9.017190660820518e-09,False,0.00024111077813615545,820.0517392158508,6.7855838063558895,311
169,-1.6073798463420657,10.000231423770046,1.9096814780119615,4.02899485199974,0.10024111077813616,9.017190660820518e-09,False,0.00024111077813615545,824.9576754570007,6.7855838063558895,313
170,-1.6073901847980347,10.000237389975243,1.9096597858335902,4.028991422223578,0.10024720181656557,9.018072510968977e-09,False,0.0002472018165655676,830.195633649826,6.786104893362651,315
171,-1.6073901847980347,10.000237389975243,1.9096597858335902,4.028991422223578,0.10024720181656557,9.018072510968977e-09,False,0.0002472018165655676,835.1557683944702,6.786104893362651,317
172,-1.6073901847980347,10.000237389975243,1.9096597858335902,4.028991422223578,0.10024720181656557,9.018072510968977e-09,False,0.0002472018165655676,839.9129326343536,6.786104893362651,319
173,-1.6073901847980347,10.000237389975243,1.9096597858335902,4.028991422223578,0.10024720181656557,9.018072510968977e-09,False,0.0002472018165655676,844.721257686615,6.786104893362651,321
174,-1.6073901847980347,10.000237389975243,1.9096597858335902,4.028991422223578,0.10024720181656557,9.018072510968977e-09,False,0.0002472018165655676,849.577151298523,6.786104893362651,323
175,-1.6073901847980347,10.000237389975243,1.9096597858335902,4.028991422223578,0.10024720181656557,9.018072510968977e-09,False,0.0002472018165655676,854.5331246852875,6.786104893362651,325
176,-1.6073901847980347,10.000237389975243,1.9096597858335902,4.028991422223578,0.10024720181656557,9.018072510968977e-09,False,0.0002472018165655676,859.2929570674896,6.786104893362651,327
177,-1.6073930816540263,10.000245449136743,1.9096609018847928,4.028990196548529,0.10024782684629575,9.018097046897822e-09,False,0.00024782684629574836,864.2280521392822,6.786132904064024,329
178,-1.6073930816540263,10.000245449136743,1.9096609018847928,4.028990196548529,0.10024782684629575,9.018097046897822e-09,False,0.00024782684629574836,869.0795001983643,6.786132904064024,331
179,-1.6073930816540263,10.000245449136743,1.9096609018847928,4.028990196548529,0.10024782684629575,9.018097046897822e-09,False,0.00024782684629574836,873.994960308075,6.786132904064024,333
180,-1.6073930816540263,10.000245449136743,1.9096609018847928,4.028990196548529,0.10024782684629575,9.018097046897822e-09,False,0.00024782684629574836,878.8730411529541,6.786132904064024,335
181,-1.6073864489700502,10.00024422028763,1.9096743024897473,4.02899190055445,0.10024412120711272,9.017549040812867e-09,False,0.00024422028763027015,883.6650552749634,6.78581005018684,337
182,-1.6073864489700502,10.00024422028763,1.9096743024897473,4.02899190055445,0.10024412120711272,9.017549040812867e-09,False,0.00024422028763027015,887.959655046463,6.78581005018684,338
183,-1.6073864489700502,10.00024422028763,1.9096743024897473,4.02899190055445,0.10024412120711272,9.017549040812867e-09,False,0.00024422028763027015,892.7903563976288,6.78581005018684,340
184,-1.6073864489700502,10.00024422028763,1.9096743024897473,4.02899190055445,0.10024412120711272,9.017549040812867e-09,False,0.00024422028763027015,897.6107926368713,6.78581005018684,342
185,-1.607395307047078,10.000249100397912,1.9096569378619968,4.0289891388508625,0.10024910283635902,9.018265689775262e-09,False,0.00024910283635901087,902.5252485275269,6.786235186805111,344
186,-1.607395307047078,10.000249100397912,1.9096569378619968,4.0289891388508625,0.10024910283635902,9.018265689775262e-09,False,0.00024910283635901087,906.9161353111267,6.786235186805111,345
187,-1.607395307047078,10.000249100397912,1.9096569378619968,4.0289891388508625,0.10024910283635902,9.018265689775262e-09,False,0.00024910283635901087,911.9270532131195,6.786235186805111,347
188,-1.607395307047078,10.000249100397912,1.9096569378619968,4.0289891388508625,0.10024910283635902,9.018265689775262e-09,False,0.00024910283635901087,916.3021605014801,6.786235186805111,348
189,-1.607395307047078,10.000249100397912,1.9096569378619968,4.0289891388508625,0.10024910283635902,9.018265689775262e-09,False,0.00024910283635901087,920.5918033123016,6.786235186805111,349
190,-1.607395307047078,10.000249100397912,1.9096569378619968,4.0289891388508625,0.10024910283635902,9.018265689775262e-09,False,0.00024910283635901087,924.3679370880127,6.786235186805111,349
